familia,instancia,n,m,metodo,iteraciones,perturb_strength,seed,costo,sin_asignar,consistente,factible,tiempo_ms,wall_ms
gap_a,a05100,100,,greedy,,,,1766.0,0,SI,SI,0.03,14.761083000000001
gap_a,a05100,100,,regret,,,,1698.0,0,SI,SI,0.38,13.711208000000003
gap_a,a05100,100,,shift,,,,1698.0,0,SI,SI,0.41,10.117792
gap_a,a05100,100,,swap,,,,1698.0,0,SI,SI,0.53,7.375166000000003
gap_a,a05100,100,,shift_swap,,,,1698.0,0,SI,SI,0.49,7.285125000000003
gap_a,a05100,100,,ils,50,1,1,1698.0,0,SI,SI,10.28,15.960500000000016
gap_a,a05100,100,,ils,50,1,2,1698.0,0,SI,SI,10.26,16.315125000000013
gap_a,a05100,100,,ils,50,1,3,1698.0,0,SI,SI,10.44,16.312582999999993
gap_a,a05100,100,,ils,50,2,1,1698.0,0,SI,SI,10.71,16.328666999999992
gap_a,a05100,100,,ils,50,2,2,1698.0,0,SI,SI,10.28,15.949249999999997
gap_a,a05100,100,,ils,50,2,3,1698.0,0,SI,SI,10.31,15.699624999999994
gap_a,a05100,100,,ils,50,5,1,1698.0,0,SI,SI,11.13,16.720666000000023
gap_a,a05100,100,,ils,50,5,2,1698.0,0,SI,SI,12.8,24.526041000000028
gap_a,a05100,100,,ils,50,5,3,1698.0,0,SI,SI,11.13,19.36062500000002
gap_a,a05100,100,,ils,100,1,1,1698.0,0,SI,SI,19.47,24.92087500000001
gap_a,a05100,100,,ils,100,1,2,1698.0,0,SI,SI,19.57,25.968582999999988
gap_a,a05100,100,,ils,100,1,3,1698.0,0,SI,SI,19.89,25.43158399999995
gap_a,a05100,100,,ils,100,2,1,1698.0,0,SI,SI,20.46,26.119791999999975
gap_a,a05100,100,,ils,100,2,2,1698.0,0,SI,SI,19.9,25.226000000000028
gap_a,a05100,100,,ils,100,2,3,1698.0,0,SI,SI,19.99,25.227374999999995
gap_a,a05100,100,,ils,100,5,1,1698.0,0,SI,SI,21.47,26.80470899999998
gap_a,a05100,100,,ils,100,5,2,1698.0,0,SI,SI,21.66,27.051583000000047
gap_a,a05100,100,,ils,100,5,3,1698.0,0,SI,SI,21.39,31.59129100000002
gap_a,a05100,100,,ils,300,1,1,1698.0,0,SI,SI,57.83,63.450040999999956
gap_a,a05100,100,,ils,300,1,2,1698.0,0,SI,SI,57.62,63.74208300000006
gap_a,a05100,100,,ils,300,1,3,1698.0,0,SI,SI,57.69,64.559959
gap_a,a05100,100,,ils,300,2,1,1698.0,0,SI,SI,59.94,70.44920799999998
gap_a,a05100,100,,ils,300,2,2,1698.0,0,SI,SI,59.27,65.85370800000001
gap_a,a05100,100,,ils,300,2,3,1698.0,0,SI,SI,58.86,64.82850000000006
gap_a,a05100,100,,ils,300,5,1,1698.0,0,SI,SI,64.67,70.425709
gap_a,a05100,100,,ils,300,5,2,1698.0,0,SI,SI,63.5,69.71383399999998
gap_a,a05100,100,,ils,300,5,3,1698.0,0,SI,SI,63.74,69.3991249999999
gap_a,a05200,200,,greedy,,,,3298.0,0,SI,SI,0.04,8.123041000000164
gap_a,a05200,200,,regret,,,,3235.0,0,SI,SI,1.47,8.416208000000092
gap_a,a05200,200,,shift,,,,3235.0,0,SI,SI,1.53,10.401082999999867
gap_a,a05200,200,,swap,,,,3235.0,0,SI,SI,1.85,7.125166000000016
gap_a,a05200,200,,shift_swap,,,,3235.0,0,SI,SI,1.88,7.153917000000121
gap_a,a05200,200,,ils,50,2,1,3235.0,0,SI,SI,39.55,44.8966249999998
gap_a,a05200,200,,ils,50,2,2,3235.0,0,SI,SI,39.55,50.17204099999994
gap_a,a05200,200,,ils,50,2,3,3235.0,0,SI,SI,39.89,45.779791999999816
gap_a,a05200,200,,ils,50,4,1,3235.0,0,SI,SI,40.4,45.966750000000054
gap_a,a05200,200,,ils,50,4,2,3235.0,0,SI,SI,40.91,46.30466700000002
gap_a,a05200,200,,ils,50,4,3,3235.0,0,SI,SI,40.08,45.59616700000002
gap_a,a05200,200,,ils,50,10,1,3235.0,0,SI,SI,44.39,52.2126249999999
gap_a,a05200,200,,ils,50,10,2,3235.0,0,SI,SI,43.94,49.54479199999984
gap_a,a05200,200,,ils,50,10,3,3235.0,0,SI,SI,44.49,49.98866599999996
gap_a,a05200,200,,ils,100,2,1,3235.0,0,SI,SI,76.98,82.47375000000012
gap_a,a05200,200,,ils,100,2,2,3235.0,0,SI,SI,76.77,82.26695800000017
gap_a,a05200,200,,ils,100,2,3,3235.0,0,SI,SI,77.54,84.82641700000015
gap_a,a05200,200,,ils,100,4,1,3235.0,0,SI,SI,78.92,84.57879099999998
gap_a,a05200,200,,ils,100,4,2,3235.0,0,SI,SI,79.82,85.41529200000019
gap_a,a05200,200,,ils,100,4,3,3235.0,0,SI,SI,78.68,84.59291600000007
gap_a,a05200,200,,ils,100,10,1,3235.0,0,SI,SI,85.24,91.19924999999984
gap_a,a05200,200,,ils,100,10,2,3235.0,0,SI,SI,87.97,93.65695799999996
gap_a,a05200,200,,ils,100,10,3,3235.0,0,SI,SI,87.95,93.57729199999997
gap_a,a05200,200,,ils,300,2,1,3235.0,0,SI,SI,284.35,290.1910000000001
gap_a,a05200,200,,ils,300,2,2,3235.0,0,SI,SI,226.61,233.35050000000024
gap_a,a05200,200,,ils,300,2,3,3235.0,0,SI,SI,239.15,245.616375
gap_a,a05200,200,,ils,300,4,1,3235.0,0,SI,SI,234.12,244.6948339999997
gap_a,a05200,200,,ils,300,4,2,3235.0,0,SI,SI,241.15,247.72904200000002
gap_a,a05200,200,,ils,300,4,3,3235.0,0,SI,SI,237.03,244.09741600000024
gap_a,a05200,200,,ils,300,10,1,3235.0,0,SI,SI,259.03,266.00587499999983
gap_a,a05200,200,,ils,300,10,2,3235.0,0,SI,SI,261.04,268.0310410000004
gap_a,a05200,200,,ils,300,10,3,3235.0,0,SI,SI,261.77,268.9671250000005
gap_a,a10100,100,,greedy,,,,1392.0,0,SI,SI,0.04,7.148208999999461
gap_a,a10100,100,,regret,,,,1361.0,0,SI,SI,0.64,6.396999999999764
gap_a,a10100,100,,shift,,,,1361.0,0,SI,SI,0.69,6.169250000000126
gap_a,a10100,100,,swap,,,,1361.0,0,SI,SI,0.77,7.599874999999479
gap_a,a10100,100,,shift_swap,,,,1361.0,0,SI,SI,0.78,6.261332999999425
gap_a,a10100,100,,ils,50,1,1,1361.0,0,SI,SI,11.49,16.823665999999626
gap_a,a10100,100,,ils,50,1,2,1361.0,0,SI,SI,11.58,16.985957999999357
gap_a,a10100,100,,ils,50,1,3,1361.0,0,SI,SI,11.48,16.877165999999555
gap_a,a10100,100,,ils,50,2,1,1360.0,0,SI,SI,11.78,17.402666999999816
gap_a,a10100,100,,ils,50,2,2,1361.0,0,SI,SI,11.68,17.13208299999991
gap_a,a10100,100,,ils,50,2,3,1360.0,0,SI,SI,24.26,30.840291999999714
gap_a,a10100,100,,ils,50,5,1,1361.0,0,SI,SI,13.47,22.20870900000005
gap_a,a10100,100,,ils,50,5,2,1360.0,0,SI,SI,13.1,18.868459000000115
gap_a,a10100,100,,ils,50,5,3,1360.0,0,SI,SI,13.54,19.075959000000253
gap_a,a10100,100,,ils,100,1,1,1361.0,0,SI,SI,22.01,27.525208000000134
gap_a,a10100,100,,ils,100,1,2,1361.0,0,SI,SI,22.39,28.06149999999974
gap_a,a10100,100,,ils,100,1,3,1361.0,0,SI,SI,22.23,28.05025000000061
gap_a,a10100,100,,ils,100,2,1,1360.0,0,SI,SI,22.95,28.629207999999906
gap_a,a10100,100,,ils,100,2,2,1361.0,0,SI,SI,23.25,29.215250000000026
gap_a,a10100,100,,ils,100,2,3,1360.0,0,SI,SI,22.86,34.73370900000017
gap_a,a10100,100,,ils,100,5,1,1361.0,0,SI,SI,25.61,31.133750000000404
gap_a,a10100,100,,ils,100,5,2,1360.0,0,SI,SI,25.44,31.168708000000045
gap_a,a10100,100,,ils,100,5,3,1360.0,0,SI,SI,25.85,31.600375000000014
gap_a,a10100,100,,ils,300,1,1,1361.0,0,SI,SI,64.55,70.34529199999983
gap_a,a10100,100,,ils,300,1,2,1360.0,0,SI,SI,64.41,70.4670829999996
gap_a,a10100,100,,ils,300,1,3,1361.0,0,SI,SI,63.91,69.75241600000004
gap_a,a10100,100,,ils,300,2,1,1360.0,0,SI,SI,67.72,73.43600000000006
gap_a,a10100,100,,ils,300,2,2,1360.0,0,SI,SI,67.14,72.70958400000005
gap_a,a10100,100,,ils,300,2,3,1360.0,0,SI,SI,66.77,72.42133300000032
gap_a,a10100,100,,ils,300,5,1,1361.0,0,SI,SI,75.6,81.1336659999995
gap_a,a10100,100,,ils,300,5,2,1360.0,0,SI,SI,74.78,80.34125000000003
gap_a,a10100,100,,ils,300,5,3,1360.0,0,SI,SI,76.57,82.08341699999977
gap_a,a10200,200,,greedy,,,,2692.0,0,SI,SI,0.06,6.371208000000017
gap_a,a10200,200,,regret,,,,2623.0,0,SI,SI,2.66,8.569999999999744
gap_a,a10200,200,,shift,,,,2623.0,0,SI,SI,2.72,8.422125000000058
gap_a,a10200,200,,swap,,,,2623.0,0,SI,SI,3.07,8.807250000000266
gap_a,a10200,200,,shift_swap,,,,2623.0,0,SI,SI,3.1,8.843708999999755
gap_a,a10200,200,,ils,50,2,1,2623.0,0,SI,SI,44.12,49.84891700000027
gap_a,a10200,200,,ils,50,2,2,2623.0,0,SI,SI,44.43,50.32316700000017
gap_a,a10200,200,,ils,50,2,3,2623.0,0,SI,SI,44.07,50.54099999999995
gap_a,a10200,200,,ils,50,4,1,2623.0,0,SI,SI,45.29,51.07212499999925
gap_a,a10200,200,,ils,50,4,2,2623.0,0,SI,SI,45.32,51.20983399999979
gap_a,a10200,200,,ils,50,4,3,2623.0,0,SI,SI,45.7,51.51395900000022
gap_a,a10200,200,,ils,50,10,1,2623.0,0,SI,SI,51.69,57.524542000000345
gap_a,a10200,200,,ils,50,10,2,2623.0,0,SI,SI,53.03,59.251208000000055
gap_a,a10200,200,,ils,50,10,3,2623.0,0,SI,SI,52.27,58.46333300000062
gap_a,a10200,200,,ils,100,2,1,2623.0,0,SI,SI,84.91,91.05712499999984
gap_a,a10200,200,,ils,100,2,2,2623.0,0,SI,SI,85.0,91.06241699999984
gap_a,a10200,200,,ils,100,2,3,2623.0,0,SI,SI,85.42,92.06400000000059
gap_a,a10200,200,,ils,100,4,1,2623.0,0,SI,SI,87.55,93.46520800000047
gap_a,a10200,200,,ils,100,4,2,2623.0,0,SI,SI,89.74,95.69325000000006
gap_a,a10200,200,,ils,100,4,3,2623.0,0,SI,SI,87.82,93.90674999999948
gap_a,a10200,200,,ils,100,10,1,2623.0,0,SI,SI,101.8,108.06945800000011
gap_a,a10200,200,,ils,100,10,2,2623.0,0,SI,SI,103.63,110.74733400000002
gap_a,a10200,200,,ils,100,10,3,2623.0,0,SI,SI,104.78,111.67216599999996
gap_a,a10200,200,,ils,300,2,1,2623.0,0,SI,SI,249.55,256.24662500000017
gap_a,a10200,200,,ils,300,2,2,2623.0,0,SI,SI,247.85,254.6811250000003
gap_a,a10200,200,,ils,300,2,3,2623.0,0,SI,SI,249.43,256.15729100000004
gap_a,a10200,200,,ils,300,4,1,2623.0,0,SI,SI,259.19,266.2953750000003
gap_a,a10200,200,,ils,300,4,2,2623.0,0,SI,SI,260.11,267.02612499999924
gap_a,a10200,200,,ils,300,4,3,2623.0,0,SI,SI,257.78,264.09833299999974
gap_a,a10200,200,,ils,300,10,1,2623.0,0,SI,SI,295.29,301.9105419999999
gap_a,a10200,200,,ils,300,10,2,2623.0,0,SI,SI,297.73,304.86495799999955
gap_a,a10200,200,,ils,300,10,3,2623.0,0,SI,SI,306.22,313.3044579999993
gap_a,a20100,100,,greedy,,,,1176.0,0,SI,SI,0.05,7.035415999999017
gap_a,a20100,100,,regret,,,,1158.0,0,SI,SI,1.19,7.285958000000647
gap_a,a20100,100,,shift,,,,1158.0,0,SI,SI,1.25,7.07754100000102
gap_a,a20100,100,,swap,,,,1158.0,0,SI,SI,1.33,7.024165999998999
gap_a,a20100,100,,shift_swap,,,,1158.0,0,SI,SI,1.34,6.943999999998951
gap_a,a20100,100,,ils,50,1,1,1158.0,0,SI,SI,13.52,19.152165999999582
gap_a,a20100,100,,ils,50,1,2,1158.0,0,SI,SI,13.66,19.237125000000077
gap_a,a20100,100,,ils,50,1,3,1158.0,0,SI,SI,13.63,21.13745900000019
gap_a,a20100,100,,ils,50,2,1,1158.0,0,SI,SI,14.56,20.476541000000736
gap_a,a20100,100,,ils,50,2,2,1158.0,0,SI,SI,14.66,20.481792
gap_a,a20100,100,,ils,50,2,3,1158.0,0,SI,SI,14.43,19.973750000000123
gap_a,a20100,100,,ils,50,5,1,1158.0,0,SI,SI,17.28,22.88462499999966
gap_a,a20100,100,,ils,50,5,2,1158.0,0,SI,SI,17.59,23.31266699999901
gap_a,a20100,100,,ils,50,5,3,1158.0,0,SI,SI,17.13,24.20858300000006
gap_a,a20100,100,,ils,100,1,1,1158.0,0,SI,SI,25.8,32.20237500000067
gap_a,a20100,100,,ils,100,1,2,1158.0,0,SI,SI,26.07,31.91616700000033
gap_a,a20100,100,,ils,100,1,3,1158.0,0,SI,SI,25.92,31.63687500000023
gap_a,a20100,100,,ils,100,2,1,1158.0,0,SI,SI,27.52,33.314708999999
gap_a,a20100,100,,ils,100,2,2,1158.0,0,SI,SI,27.76,33.63020799999994
gap_a,a20100,100,,ils,100,2,3,1158.0,0,SI,SI,27.59,33.3645839999992
gap_a,a20100,100,,ils,100,5,1,1158.0,0,SI,SI,33.52,39.25020800000034
gap_a,a20100,100,,ils,100,5,2,1158.0,0,SI,SI,32.96,38.66670799999916
gap_a,a20100,100,,ils,100,5,3,1158.0,0,SI,SI,32.95,38.84920900000033
gap_a,a20100,100,,ils,300,1,1,1158.0,0,SI,SI,75.12,81.50399999999891
gap_a,a20100,100,,ils,300,1,2,1158.0,0,SI,SI,74.6,80.91258299999993
gap_a,a20100,100,,ils,300,1,3,1158.0,0,SI,SI,75.1,81.03579199999977
gap_a,a20100,100,,ils,300,2,1,1158.0,0,SI,SI,79.88,86.08420799999905
gap_a,a20100,100,,ils,300,2,2,1158.0,0,SI,SI,80.04,85.83583299999908
gap_a,a20100,100,,ils,300,2,3,1158.0,0,SI,SI,79.91,87.02379100000002
gap_a,a20100,100,,ils,300,5,1,1158.0,0,SI,SI,97.56,103.85437500000094
gap_a,a20100,100,,ils,300,5,2,1158.0,0,SI,SI,97.19,103.36312500000133
gap_a,a20100,100,,ils,300,5,3,1158.0,0,SI,SI,95.9,102.53854200000134
gap_a,a20200,200,,greedy,,,,2371.0,0,SI,SI,0.11,7.236666999999031
gap_a,a20200,200,,regret,,,,2339.0,0,SI,SI,4.59,10.918499999998943
gap_a,a20200,200,,shift,,,,2339.0,0,SI,SI,4.74,11.005459000001494
gap_a,a20200,200,,swap,,,,2339.0,0,SI,SI,5.15,11.306709000001192
gap_a,a20200,200,,shift_swap,,,,2339.0,0,SI,SI,5.14,11.27712500000122
gap_a,a20200,200,,ils,50,2,1,2339.0,0,SI,SI,49.93,56.16329199999903
gap_a,a20200,200,,ils,50,2,2,2339.0,0,SI,SI,49.87,56.2545839999995
gap_a,a20200,200,,ils,50,2,3,2339.0,0,SI,SI,49.88,56.096208999999675
gap_a,a20200,200,,ils,50,4,1,2339.0,0,SI,SI,53.41,59.74662500000072
gap_a,a20200,200,,ils,50,4,2,2339.0,0,SI,SI,52.92,59.25099999999972
gap_a,a20200,200,,ils,50,4,3,2339.0,0,SI,SI,53.26,59.56058299999967
gap_a,a20200,200,,ils,50,10,1,2339.0,0,SI,SI,63.2,69.77266700000051
gap_a,a20200,200,,ils,50,10,2,2339.0,0,SI,SI,63.84,70.28295799999995
gap_a,a20200,200,,ils,50,10,3,2339.0,0,SI,SI,62.17,68.43783299999906
gap_a,a20200,200,,ils,100,2,1,2339.0,0,SI,SI,94.86,101.3617920000005
gap_a,a20200,200,,ils,100,2,2,2339.0,0,SI,SI,94.53,101.82833300000027
gap_a,a20200,200,,ils,100,2,3,2339.0,0,SI,SI,95.1,101.8584580000006
gap_a,a20200,200,,ils,100,4,1,2339.0,0,SI,SI,101.78,108.64116599999996
gap_a,a20200,200,,ils,100,4,2,2339.0,0,SI,SI,102.03,108.80820800000102
gap_a,a20200,200,,ils,100,4,3,2339.0,0,SI,SI,100.56,107.3830840000003
gap_a,a20200,200,,ils,100,10,1,2339.0,0,SI,SI,120.64,127.05954199999958
gap_a,a20200,200,,ils,100,10,2,2339.0,0,SI,SI,121.42,128.08141600000056
gap_a,a20200,200,,ils,100,10,3,2339.0,0,SI,SI,120.29,127.07575000000126
gap_a,a20200,200,,ils,300,2,1,2339.0,0,SI,SI,274.48,280.9373750000006
gap_a,a20200,200,,ils,300,2,2,2339.0,0,SI,SI,273.75,281.08795799999876
gap_a,a20200,200,,ils,300,2,3,2339.0,0,SI,SI,274.52,281.68808399999887
gap_a,a20200,200,,ils,300,4,1,2339.0,0,SI,SI,293.57,300.9080000000015
gap_a,a20200,200,,ils,300,4,2,2339.0,0,SI,SI,293.76,301.2507909999993
gap_a,a20200,200,,ils,300,4,3,2339.0,0,SI,SI,292.91,300.8205420000003
gap_a,a20200,200,,ils,300,10,1,2339.0,0,SI,SI,349.16,356.79220899999996
gap_a,a20200,200,,ils,300,10,2,2339.0,0,SI,SI,353.9,364.10604199999955
gap_a,a20200,200,,ils,300,10,3,2339.0,0,SI,SI,350.62,359.75625000000025
gap_b,b05100,100,,greedy,,,,5245.0,27,SI,SI,0.02,6.837415999999763
gap_b,b05100,100,,regret,,,,4227.0,20,SI,SI,0.35,5.890499999999577
gap_b,b05100,100,,shift,,,,4227.0,20,SI,SI,0.37,5.712958000000157
gap_b,b05100,100,,swap,,,,4227.0,20,SI,SI,0.44,5.71762499999906
gap_b,b05100,100,,shift_swap,,,,4227.0,20,SI,SI,0.44,5.60824999999987
gap_b,b05100,100,,ils,50,1,1,3804.0,17,SI,SI,4.16,9.405791000000718
gap_b,b05100,100,,ils,50,1,2,4059.0,19,SI,SI,4.06,9.286832999999106
gap_b,b05100,100,,ils,50,1,3,4210.0,20,SI,SI,4.28,9.55808299999994
gap_b,b05100,100,,ils,50,2,1,3346.0,13,SI,SI,5.14,10.366458000000023
gap_b,b05100,100,,ils,50,2,2,3321.0,13,SI,SI,5.96,11.293666999998564
gap_b,b05100,100,,ils,50,2,3,3437.0,14,SI,SI,5.71,10.938499999999962
gap_b,b05100,100,,ils,50,5,1,2850.0,9,SI,SI,8.06,13.409083999999183
gap_b,b05100,100,,ils,50,5,2,2879.0,9,SI,SI,8.24,14.05683300000149
gap_b,b05100,100,,ils,50,5,3,2453.0,5,SI,SI,8.66,14.074917000000298
gap_b,b05100,100,,ils,100,1,1,3672.0,16,SI,SI,8.15,13.363999999999265
gap_b,b05100,100,,ils,100,1,2,3801.0,17,SI,SI,8.12,13.299291000000935
gap_b,b05100,100,,ils,100,1,3,4077.0,19,SI,SI,7.85,13.104625000000425
gap_b,b05100,100,,ils,100,2,1,3341.0,13,SI,SI,9.9,15.145416999999384
gap_b,b05100,100,,ils,100,2,2,2959.0,10,SI,SI,11.26,16.464959000000334
gap_b,b05100,100,,ils,100,2,3,3437.0,14,SI,SI,10.55,15.814042000000583
gap_b,b05100,100,,ils,100,5,1,2518.0,6,SI,SI,16.74,22.01216699999975
gap_b,b05100,100,,ils,100,5,2,2281.0,4,SI,SI,18.4,23.733707999999964
gap_b,b05100,100,,ils,100,5,3,1995.0,1,SI,SI,17.55,22.769999999999513
gap_b,b05100,100,,ils,300,1,1,3416.0,14,SI,SI,25.12,30.491916000000785
gap_b,b05100,100,,ils,300,1,2,3677.0,16,SI,SI,24.4,29.76654200000084
gap_b,b05100,100,,ils,300,1,3,3940.0,18,SI,SI,22.84,28.170457999999954
gap_b,b05100,100,,ils,300,2,1,2830.0,9,SI,SI,31.36,36.73929099999995
gap_b,b05100,100,,ils,300,2,2,2615.0,7,SI,SI,31.31,37.32020800000058
gap_b,b05100,100,,ils,300,2,3,2731.0,8,SI,SI,31.21,36.65625000000183
gap_b,b05100,100,,ils,300,5,1,2116.0,2,SI,SI,47.74,53.10195799999917
gap_b,b05100,100,,ils,300,5,2,2006.0,1,SI,SI,49.12,54.573250000000684
gap_b,b05100,100,,ils,300,5,3,1995.0,1,SI,SI,49.57,55.018000000000455
gap_b,b05200,200,,greedy,,,,10021.0,49,SI,SI,0.04,8.835958999998894
gap_b,b05200,200,,regret,,,,8965.0,43,SI,SI,1.37,7.1411250000004145
gap_b,b05200,200,,shift,,,,8965.0,43,SI,SI,1.45,6.972207999996982
gap_b,b05200,200,,swap,,,,8965.0,43,SI,SI,1.69,7.188416999998282
gap_b,b05200,200,,shift_swap,,,,8965.0,43,SI,SI,1.71,7.13616699999875
gap_b,b05200,200,,ils,50,2,1,7855.0,35,SI,SI,23.22,28.643374999997917
gap_b,b05200,200,,ils,50,2,2,7551.0,33,SI,SI,23.88,29.39800000000048
gap_b,b05200,200,,ils,50,2,3,7510.0,32,SI,SI,25.36,30.721791999997805
gap_b,b05200,200,,ils,50,4,1,6457.0,24,SI,SI,33.23,38.628708000000955
gap_b,b05200,200,,ils,50,4,2,6107.0,21,SI,SI,32.52,38.66495799999825
gap_b,b05200,200,,ils,50,4,3,5505.0,16,SI,SI,39.33,44.94174999999956
gap_b,b05200,200,,ils,50,10,1,4651.0,9,SI,SI,70.63,76.18304100000017
gap_b,b05200,200,,ils,50,10,2,3627.0,0,SI,SI,84.58,90.5349589999993
gap_b,b05200,200,,ils,50,10,3,3999.0,3,SI,SI,75.65,81.44400000000118
gap_b,b05200,200,,ils,100,2,1,7304.0,31,SI,SI,43.61,49.15175000000005
gap_b,b05200,200,,ils,100,2,2,5855.0,19,SI,SI,51.68,57.19620800000058
gap_b,b05200,200,,ils,100,2,3,6072.0,21,SI,SI,53.82,59.47583300000048
gap_b,b05200,200,,ils,100,4,1,5015.0,12,SI,SI,70.72,76.2472090000017
gap_b,b05200,200,,ils,100,4,2,4857.0,11,SI,SI,71.64,77.7346250000015
gap_b,b05200,200,,ils,100,4,3,4795.0,10,SI,SI,76.26,82.409375000001
gap_b,b05200,200,,ils,100,10,1,3632.0,0,SI,SI,140.79,147.82720899999902
gap_b,b05200,200,,ils,100,10,2,3589.0,0,SI,SI,155.66,161.96170799999976
gap_b,b05200,200,,ils,100,10,3,3590.0,0,SI,SI,142.78,150.08704199999912
gap_b,b05200,200,,ils,300,2,1,4891.0,11,SI,SI,143.17,149.16512499999968
gap_b,b05200,200,,ils,300,2,2,4540.0,8,SI,SI,154.11,159.807292
gap_b,b05200,200,,ils,300,2,3,5207.0,14,SI,SI,150.75,156.92945900000055
gap_b,b05200,200,,ils,300,4,1,3937.0,3,SI,SI,211.29,217.70166700000004
gap_b,b05200,200,,ils,300,4,2,3610.0,0,SI,SI,217.7,223.83558300000317
gap_b,b05200,200,,ils,300,4,3,3596.0,0,SI,SI,221.73,227.52395799999903
gap_b,b05200,200,,ils,300,10,1,3593.0,0,SI,SI,382.73,388.6291670000013
gap_b,b05200,200,,ils,300,10,2,3585.0,0,SI,SI,414.6,421.65083400000117
gap_b,b05200,200,,ils,300,10,3,3576.0,0,SI,SI,398.18,404.9880419999994
gap_b,b10100,100,,greedy,,,,2809.0,9,SI,SI,0.04,7.058750000002334
gap_b,b10100,100,,regret,,,,2002.0,4,SI,SI,0.65,6.350874999998979
gap_b,b10100,100,,shift,,,,2002.0,4,SI,SI,0.69,6.185207999997999
gap_b,b10100,100,,swap,,,,1975.0,4,SI,SI,1.12,6.583458000001485
gap_b,b10100,100,,shift_swap,,,,1572.0,1,SI,SI,1.3,6.909625000002251
gap_b,b10100,100,,ils,50,1,1,1440.0,0,SI,SI,9.37,14.950542000001121
gap_b,b10100,100,,ils,50,1,2,1569.0,1,SI,SI,7.67,13.351874999997904
gap_b,b10100,100,,ils,50,1,3,1441.0,0,SI,SI,8.71,14.647499999998814
gap_b,b10100,100,,ils,50,2,1,1442.0,0,SI,SI,9.84,15.423083000001725
gap_b,b10100,100,,ils,50,2,2,1447.0,0,SI,SI,10.16,15.785832999998917
gap_b,b10100,100,,ils,50,2,3,1472.0,0,SI,SI,9.58,15.05275000000239
gap_b,b10100,100,,ils,50,5,1,1427.0,0,SI,SI,13.31,18.74975000000134
gap_b,b10100,100,,ils,50,5,2,1435.0,0,SI,SI,15.09,20.57204200000129
gap_b,b10100,100,,ils,50,5,3,1424.0,0,SI,SI,12.9,18.410916999997085
gap_b,b10100,100,,ils,100,1,1,1440.0,0,SI,SI,16.25,21.7265409999996
gap_b,b10100,100,,ils,100,1,2,1453.0,0,SI,SI,14.42,19.923374999997634
gap_b,b10100,100,,ils,100,1,3,1441.0,0,SI,SI,16.11,21.673374999998885
gap_b,b10100,100,,ils,100,2,1,1442.0,0,SI,SI,18.41,23.783250000001033
gap_b,b10100,100,,ils,100,2,2,1429.0,0,SI,SI,18.91,24.290208999996565
gap_b,b10100,100,,ils,100,2,3,1438.0,0,SI,SI,18.7,24.277708999999703
gap_b,b10100,100,,ils,100,5,1,1420.0,0,SI,SI,25.98,31.495416000002052
gap_b,b10100,100,,ils,100,5,2,1422.0,0,SI,SI,28.52,34.033958999998504
gap_b,b10100,100,,ils,100,5,3,1420.0,0,SI,SI,25.15,31.01616700000065
gap_b,b10100,100,,ils,300,1,1,1440.0,0,SI,SI,44.03,49.69137499999832
gap_b,b10100,100,,ils,300,1,2,1453.0,0,SI,SI,39.57,45.017167000001024
gap_b,b10100,100,,ils,300,1,3,1435.0,0,SI,SI,44.63,50.07525000000257
gap_b,b10100,100,,ils,300,2,1,1431.0,0,SI,SI,56.59,61.97158400000191
gap_b,b10100,100,,ils,300,2,2,1429.0,0,SI,SI,53.57,59.01366699999855
gap_b,b10100,100,,ils,300,2,3,1438.0,0,SI,SI,56.06,61.506916000002576
gap_b,b10100,100,,ils,300,5,1,1412.0,0,SI,SI,79.88,85.42283299999909
gap_b,b10100,100,,ils,300,5,2,1408.0,0,SI,SI,80.05,85.97216599999769
gap_b,b10100,100,,ils,300,5,3,1419.0,0,SI,SI,77.64,83.24295899999967
gap_b,b10200,200,,greedy,,,,8460.0,39,SI,SI,0.06,5.908958999999214
gap_b,b10200,200,,regret,,,,7156.0,32,SI,SI,2.52,8.321833000000112
gap_b,b10200,200,,shift,,,,7156.0,32,SI,SI,2.59,8.200957999999758
gap_b,b10200,200,,swap,,,,7088.0,32,SI,SI,5.41,11.071083000000925
gap_b,b10200,200,,shift_swap,,,,6280.0,26,SI,SI,6.69,12.370874999998449
gap_b,b10200,200,,ils,50,2,1,4805.0,15,SI,SI,37.56,43.83783400000141
gap_b,b10200,200,,ils,50,2,2,4195.0,10,SI,SI,38.09,44.252333000002864
gap_b,b10200,200,,ils,50,2,3,5456.0,20,SI,SI,33.6,39.501707999999525
gap_b,b10200,200,,ils,50,4,1,3431.0,4,SI,SI,48.01,53.81104199999953
gap_b,b10200,200,,ils,50,4,2,3321.0,3,SI,SI,48.73,54.322500000001384
gap_b,b10200,200,,ils,50,4,3,3672.0,6,SI,SI,51.36,57.24362499999813
gap_b,b10200,200,,ils,50,10,1,2891.0,0,SI,SI,93.26,99.32704200000231
gap_b,b10200,200,,ils,50,10,2,2887.0,0,SI,SI,93.64,100.14387500000055
gap_b,b10200,200,,ils,50,10,3,2875.0,0,SI,SI,86.28,92.20508299999963
gap_b,b10200,200,,ils,100,2,1,3780.0,7,SI,SI,70.55,76.47441700000002
gap_b,b10200,200,,ils,100,2,2,3910.0,8,SI,SI,62.78,68.57862500000067
gap_b,b10200,200,,ils,100,2,3,3893.0,8,SI,SI,66.18,71.98387499999725
gap_b,b10200,200,,ils,100,4,1,3019.0,1,SI,SI,84.54,90.92033299999969
gap_b,b10200,200,,ils,100,4,2,2911.0,0,SI,SI,91.48,97.38537499999822
gap_b,b10200,200,,ils,100,4,3,2888.0,0,SI,SI,98.66,104.73704099999992
gap_b,b10200,200,,ils,100,10,1,2881.0,0,SI,SI,167.0,175.50729199999893
gap_b,b10200,200,,ils,100,10,2,2884.0,0,SI,SI,156.36,162.88291700000102
gap_b,b10200,200,,ils,100,10,3,2864.0,0,SI,SI,162.17,168.4481670000011
gap_b,b10200,200,,ils,300,2,1,2921.0,0,SI,SI,185.3,191.8515410000019
gap_b,b10200,200,,ils,300,2,2,2920.0,0,SI,SI,211.96,218.08537500000114
gap_b,b10200,200,,ils,300,2,3,3299.0,3,SI,SI,178.24,185.8424999999997
gap_b,b10200,200,,ils,300,4,1,2876.0,0,SI,SI,246.22,252.59550000000175
gap_b,b10200,200,,ils,300,4,2,2896.0,0,SI,SI,237.01,243.74225000000038
gap_b,b10200,200,,ils,300,4,3,2884.0,0,SI,SI,237.64,245.25891700000102
gap_b,b10200,200,,ils,300,10,1,2860.0,0,SI,SI,437.22,443.90849999999915
gap_b,b10200,200,,ils,300,10,2,2883.0,0,SI,SI,443.17,451.40954100000033
gap_b,b10200,200,,ils,300,10,3,2864.0,0,SI,SI,448.39,455.65054200000077
gap_b,b20100,100,,greedy,,,,2339.0,7,SI,SI,0.05,7.479374999999067
gap_b,b20100,100,,regret,,,,1194.0,0,SI,SI,1.16,7.252957999998699
gap_b,b20100,100,,shift,,,,1194.0,0,SI,SI,1.23,6.995249999999231
gap_b,b20100,100,,swap,,,,1187.0,0,SI,SI,1.58,9.00329099999908
gap_b,b20100,100,,shift_swap,,,,1187.0,0,SI,SI,1.66,7.691292000000516
gap_b,b20100,100,,ils,50,1,1,1187.0,0,SI,SI,10.43,16.14962500000061
gap_b,b20100,100,,ils,50,1,2,1182.0,0,SI,SI,11.86,17.514750000000134
gap_b,b20100,100,,ils,50,1,3,1187.0,0,SI,SI,10.9,16.56583299999781
gap_b,b20100,100,,ils,50,2,1,1187.0,0,SI,SI,12.73,18.546209000000147
gap_b,b20100,100,,ils,50,2,2,1182.0,0,SI,SI,13.61,19.319083999999265
gap_b,b20100,100,,ils,50,2,3,1182.0,0,SI,SI,13.26,19.021291000001384
gap_b,b20100,100,,ils,50,5,1,1184.0,0,SI,SI,17.01,22.921416999999167
gap_b,b20100,100,,ils,50,5,2,1184.0,0,SI,SI,17.27,23.07204200000257
gap_b,b20100,100,,ils,50,5,3,1177.0,0,SI,SI,16.29,22.038417000000976
gap_b,b20100,100,,ils,100,1,1,1187.0,0,SI,SI,18.73,24.474375000000492
gap_b,b20100,100,,ils,100,1,2,1182.0,0,SI,SI,21.48,27.144458000002203
gap_b,b20100,100,,ils,100,1,3,1187.0,0,SI,SI,20.14,25.71287499999997
gap_b,b20100,100,,ils,100,2,1,1187.0,0,SI,SI,24.47,30.1757500000015
gap_b,b20100,100,,ils,100,2,2,1182.0,0,SI,SI,26.08,31.739457999997
gap_b,b20100,100,,ils,100,2,3,1182.0,0,SI,SI,24.95,30.574874999999224
gap_b,b20100,100,,ils,100,5,1,1184.0,0,SI,SI,32.42,38.05820900000256
gap_b,b20100,100,,ils,100,5,2,1182.0,0,SI,SI,34.28,39.9053330000001
gap_b,b20100,100,,ils,100,5,3,1177.0,0,SI,SI,31.13,36.93020800000113
gap_b,b20100,100,,ils,300,1,1,1182.0,0,SI,SI,57.64,63.372665999999356
gap_b,b20100,100,,ils,300,1,2,1182.0,0,SI,SI,63.03,68.75020900000095
gap_b,b20100,100,,ils,300,1,3,1184.0,0,SI,SI,56.78,62.68495900000204
gap_b,b20100,100,,ils,300,2,1,1184.0,0,SI,SI,74.0,80.4362910000016
gap_b,b20100,100,,ils,300,2,2,1182.0,0,SI,SI,75.88,83.32275000000067
gap_b,b20100,100,,ils,300,2,3,1181.0,0,SI,SI,74.79,81.01658300000025
gap_b,b20100,100,,ils,300,5,1,1182.0,0,SI,SI,96.27,102.0979579999981
gap_b,b20100,100,,ils,300,5,2,1175.0,0,SI,SI,96.59,102.64991600000073
gap_b,b20100,100,,ils,300,5,3,1177.0,0,SI,SI,93.45,99.26345799999936
gap_b,b20200,200,,greedy,,,,3655.0,7,SI,SI,0.13,6.889000000001033
gap_b,b20200,200,,regret,,,,3424.0,7,SI,SI,4.56,10.681999999999192
gap_b,b20200,200,,shift,,,,3424.0,7,SI,SI,4.67,10.756875000001997
gap_b,b20200,200,,swap,,,,3369.0,7,SI,SI,12.14,18.306041000002438
gap_b,b20200,200,,shift_swap,,,,2408.0,0,SI,SI,11.73,18.62812499999933
gap_b,b20200,200,,ils,50,2,1,2393.0,0,SI,SI,51.45,57.92100000000033
gap_b,b20200,200,,ils,50,2,2,2402.0,0,SI,SI,46.98,53.82499999999979
gap_b,b20200,200,,ils,50,2,3,2390.0,0,SI,SI,49.02,55.582166999997185
gap_b,b20200,200,,ils,50,4,1,2373.0,0,SI,SI,60.9,67.16483299999965
gap_b,b20200,200,,ils,50,4,2,2387.0,0,SI,SI,54.63,62.270083000001364
gap_b,b20200,200,,ils,50,4,3,2383.0,0,SI,SI,65.41,71.8695409999981
gap_b,b20200,200,,ils,50,10,1,2359.0,0,SI,SI,75.91,82.25262499999886
gap_b,b20200,200,,ils,50,10,2,2362.0,0,SI,SI,86.07,93.05875000000086
gap_b,b20200,200,,ils,50,10,3,2358.0,0,SI,SI,87.79,94.6144170000025
gap_b,b20200,200,,ils,100,2,1,2381.0,0,SI,SI,93.99,100.356957999999
gap_b,b20200,200,,ils,100,2,2,2399.0,0,SI,SI,94.83,101.24266599999743
gap_b,b20200,200,,ils,100,2,3,2378.0,0,SI,SI,90.96,98.52170799999982
gap_b,b20200,200,,ils,100,4,1,2373.0,0,SI,SI,108.96,115.3603330000017
gap_b,b20200,200,,ils,100,4,2,2371.0,0,SI,SI,101.6,108.07970800000177
gap_b,b20200,200,,ils,100,4,3,2371.0,0,SI,SI,113.43,120.2161249999989
gap_b,b20200,200,,ils,100,10,1,2356.0,0,SI,SI,140.01,146.8344590000008
gap_b,b20200,200,,ils,100,10,2,2354.0,0,SI,SI,153.91,161.12650000000173
gap_b,b20200,200,,ils,100,10,3,2358.0,0,SI,SI,161.07,167.52529100000046
gap_b,b20200,200,,ils,300,2,1,2377.0,0,SI,SI,263.34,270.02974999999907
gap_b,b20200,200,,ils,300,2,2,2386.0,0,SI,SI,269.84,278.405166999999
gap_b,b20200,200,,ils,300,2,3,2363.0,0,SI,SI,269.89,276.66650000000107
gap_b,b20200,200,,ils,300,4,1,2373.0,0,SI,SI,313.35,320.5805830000017
gap_b,b20200,200,,ils,300,4,2,2359.0,0,SI,SI,302.83,310.2433750000024
gap_b,b20200,200,,ils,300,4,3,2359.0,0,SI,SI,313.08,320.6137499999997
gap_b,b20200,200,,ils,300,10,1,2356.0,0,SI,SI,411.3,419.14666599999964
gap_b,b20200,200,,ils,300,10,2,2354.0,0,SI,SI,417.87,425.81399999999906
gap_b,b20200,200,,ils,300,10,3,2352.0,0,SI,SI,431.36,439.03804199999996
gap_e,e05100,100,,greedy,,,,189117.0,60,SI,SI,0.03,6.264415999996942
gap_e,e05100,100,,regret,,,,158446.0,51,SI,SI,0.25,5.496457999999649
gap_e,e05100,100,,shift,,,,158446.0,51,SI,SI,0.28,6.07920799999917
gap_e,e05100,100,,swap,,,,158446.0,51,SI,SI,0.31,5.380416999997806
gap_e,e05100,100,,shift_swap,,,,158446.0,51,SI,SI,0.31,5.343708000001612
gap_e,e05100,100,,ils,50,1,1,158429.0,51,SI,SI,2.13,7.16441699999848
gap_e,e05100,100,,ils,50,1,2,158437.0,51,SI,SI,2.03,6.942750000000331
gap_e,e05100,100,,ils,50,1,3,158424.0,51,SI,SI,2.13,7.025208999998256
gap_e,e05100,100,,ils,50,2,1,148848.0,47,SI,SI,2.46,7.299124999999407
gap_e,e05100,100,,ils,50,2,2,152760.0,49,SI,SI,2.51,7.3646659999973
gap_e,e05100,100,,ils,50,2,3,153000.0,49,SI,SI,2.54,7.365000000000066
gap_e,e05100,100,,ils,50,5,1,69530.0,14,SI,SI,4.48,9.361208999997928
gap_e,e05100,100,,ils,50,5,2,116792.0,34,SI,SI,3.61,8.53487499999872
gap_e,e05100,100,,ils,50,5,3,42651.0,8,SI,SI,7.6,12.648708000000397
gap_e,e05100,100,,ils,100,1,1,156408.0,50,SI,SI,3.86,8.764834000000832
gap_e,e05100,100,,ils,100,1,2,158437.0,51,SI,SI,3.82,8.743208999998586
gap_e,e05100,100,,ils,100,1,3,158419.0,51,SI,SI,3.81,8.637917000001494
gap_e,e05100,100,,ils,100,2,1,143171.0,45,SI,SI,4.51,9.468832999999677
gap_e,e05100,100,,ils,100,2,2,144941.0,46,SI,SI,4.79,9.923457999999385
gap_e,e05100,100,,ils,100,2,3,144730.0,46,SI,SI,4.76,9.855957999999276
gap_e,e05100,100,,ils,100,5,1,16190.0,0,SI,SI,18.12,23.83829200000065
gap_e,e05100,100,,ils,100,5,2,51792.0,10,SI,SI,10.63,16.161415999999207
gap_e,e05100,100,,ils,100,5,3,13480.0,0,SI,SI,24.06,29.079625000001386
gap_e,e05100,100,,ils,300,1,1,154387.0,49,SI,SI,11.19,16.181249999998926
gap_e,e05100,100,,ils,300,1,2,154390.0,49,SI,SI,11.05,15.92470800000001
gap_e,e05100,100,,ils,300,1,3,155738.0,50,SI,SI,10.87,15.77854200000317
gap_e,e05100,100,,ils,300,2,1,119443.0,36,SI,SI,15.25,20.145624999997835
gap_e,e05100,100,,ils,300,2,2,84689.0,22,SI,SI,17.77,22.71466699999891
gap_e,e05100,100,,ils,300,2,3,97112.0,29,SI,SI,17.43,22.366583000000162
gap_e,e05100,100,,ils,300,5,1,13305.0,0,SI,SI,72.77,77.68791700000222
gap_e,e05100,100,,ils,300,5,2,13039.0,0,SI,SI,64.26,70.54624999999959
gap_e,e05100,100,,ils,300,5,3,13119.0,0,SI,SI,77.47,82.6563329999992
gap_e,e05200,200,,greedy,,,,432176.0,141,SI,SI,0.05,5.775333000002547
gap_e,e05200,200,,regret,,,,374106.0,123,SI,SI,0.89,6.524834000000368
gap_e,e05200,200,,shift,,,,374106.0,123,SI,SI,0.93,6.1768330000013805
gap_e,e05200,200,,swap,,,,374106.0,123,SI,SI,1.02,6.292124999998094
gap_e,e05200,200,,shift_swap,,,,374106.0,123,SI,SI,1.03,6.265834000000581
gap_e,e05200,200,,ils,50,2,1,348698.0,114,SI,SI,8.0,13.111042000002016
gap_e,e05200,200,,ils,50,2,2,367341.0,120,SI,SI,6.7,11.848875000001868
gap_e,e05200,200,,ils,50,2,3,367586.0,120,SI,SI,5.98,11.074332999999825
gap_e,e05200,200,,ils,50,4,1,308993.0,98,SI,SI,9.44,14.498874999997469
gap_e,e05200,200,,ils,50,4,2,339875.0,110,SI,SI,7.55,12.742082999999127
gap_e,e05200,200,,ils,50,4,3,320527.0,101,SI,SI,8.91,13.956165999999826
gap_e,e05200,200,,ils,50,10,1,157334.0,39,SI,SI,22.74,27.810125000002017
gap_e,e05200,200,,ils,50,10,2,194587.0,53,SI,SI,19.99,26.318957999997394
gap_e,e05200,200,,ils,50,10,3,102412.0,16,SI,SI,27.1,32.295374999996795
gap_e,e05200,200,,ils,100,2,1,328267.0,106,SI,SI,14.71,19.821083000003625
gap_e,e05200,200,,ils,100,2,2,358978.0,117,SI,SI,12.49,17.543875000001208
gap_e,e05200,200,,ils,100,2,3,357029.0,115,SI,SI,11.82,16.912208000000817
gap_e,e05200,200,,ils,100,4,1,256374.0,78,SI,SI,20.62,25.740125000005776
gap_e,e05200,200,,ils,100,4,2,310830.0,98,SI,SI,16.11,21.189583000001733
gap_e,e05200,200,,ils,100,4,3,295198.0,90,SI,SI,19.06,24.183665999998993
gap_e,e05200,200,,ils,100,10,1,32375.0,0,SI,SI,105.82,113.79883299999705
gap_e,e05200,200,,ils,100,10,2,34869.0,0,SI,SI,89.93,96.64829199999758
gap_e,e05200,200,,ils,100,10,3,31055.0,0,SI,SI,105.45,110.89970799999804
gap_e,e05200,200,,ils,300,2,1,267450.0,83,SI,SI,51.46,57.19504199999648
gap_e,e05200,200,,ils,300,2,2,322997.0,102,SI,SI,38.12,43.377208999999084
gap_e,e05200,200,,ils,300,2,3,347916.0,111,SI,SI,35.2,40.35283400000367
gap_e,e05200,200,,ils,300,4,1,72400.0,5,SI,SI,110.06,115.22254199999793
gap_e,e05200,200,,ils,300,4,2,138631.0,30,SI,SI,84.51,89.63995799999935
gap_e,e05200,200,,ils,300,4,3,101642.0,15,SI,SI,99.57,104.96708300000535
gap_e,e05200,200,,ils,300,10,1,26213.0,0,SI,SI,468.32,473.9954169999976
gap_e,e05200,200,,ils,300,10,2,25957.0,0,SI,SI,450.78,456.3453330000016
gap_e,e05200,200,,ils,300,10,3,25668.0,0,SI,SI,477.94,485.3845419999985
gap_e,e10100,100,,greedy,,,,178354.0,56,SI,SI,0.03,5.71820799999756
gap_e,e10100,100,,regret,,,,157826.0,50,SI,SI,0.48,5.620374999999456
gap_e,e10100,100,,shift,,,,157826.0,50,SI,SI,0.51,5.5805420000041295
gap_e,e10100,100,,swap,,,,157826.0,50,SI,SI,0.54,5.569041000001107
gap_e,e10100,100,,shift_swap,,,,157826.0,50,SI,SI,0.53,5.6156670000007125
gap_e,e10100,100,,ils,50,1,1,155313.0,49,SI,SI,2.73,7.766000000003714
gap_e,e10100,100,,ils,50,1,2,155809.0,49,SI,SI,2.62,7.620834000000798
gap_e,e10100,100,,ils,50,1,3,155320.0,49,SI,SI,2.79,7.752333000006217
gap_e,e10100,100,,ils,50,2,1,150269.0,47,SI,SI,2.97,7.9812910000001125
gap_e,e10100,100,,ils,50,2,2,153829.0,48,SI,SI,2.94,8.030959000002724
gap_e,e10100,100,,ils,50,2,3,143550.0,44,SI,SI,3.42,8.476874999999495
gap_e,e10100,100,,ils,50,5,1,70298.0,15,SI,SI,6.3,11.351666999999566
gap_e,e10100,100,,ils,50,5,2,104767.0,28,SI,SI,4.77,9.796792000003052
gap_e,e10100,100,,ils,50,5,3,60384.0,11,SI,SI,6.15,11.228749999993681
gap_e,e10100,100,,ils,100,1,1,155313.0,49,SI,SI,4.68,9.696292000000994
gap_e,e10100,100,,ils,100,1,2,155802.0,49,SI,SI,4.74,9.784167000006505
gap_e,e10100,100,,ils,100,1,3,155318.0,49,SI,SI,4.82,9.81116599999865
gap_e,e10100,100,,ils,100,2,1,132597.0,40,SI,SI,6.14,11.235958999996853
gap_e,e10100,100,,ils,100,2,2,151289.0,47,SI,SI,5.5,11.130082999997626
gap_e,e10100,100,,ils,100,2,3,122615.0,36,SI,SI,6.98,12.138959000004945
gap_e,e10100,100,,ils,100,5,1,14208.0,0,SI,SI,24.0,29.050374999997075
gap_e,e10100,100,,ils,100,5,2,64753.0,13,SI,SI,11.48,16.539082999997845
gap_e,e10100,100,,ils,100,5,3,15238.0,0,SI,SI,22.21,27.217666000005636
gap_e,e10100,100,,ils,300,1,1,152474.0,48,SI,SI,13.65,18.783582999994053
gap_e,e10100,100,,ils,300,1,2,152968.0,48,SI,SI,13.4,18.458541000001105
gap_e,e10100,100,,ils,300,1,3,155299.0,49,SI,SI,13.09,18.11329199999534
gap_e,e10100,100,,ils,300,2,1,88934.0,23,SI,SI,22.22,27.197000000001026
gap_e,e10100,100,,ils,300,2,2,125823.0,37,SI,SI,17.43,22.459832999999207
gap_e,e10100,100,,ils,300,2,3,76950.0,18,SI,SI,25.93,31.037791999999342
gap_e,e10100,100,,ils,300,5,1,12286.0,0,SI,SI,89.98,95.17524999999694
gap_e,e10100,100,,ils,300,5,2,12537.0,0,SI,SI,77.45,82.99629199999714
gap_e,e10100,100,,ils,300,5,3,12185.0,0,SI,SI,90.59,96.38520800000094
gap_e,e10200,200,,greedy,,,,438936.0,143,SI,SI,0.06,5.957292000005054
gap_e,e10200,200,,regret,,,,391204.0,128,SI,SI,1.53,7.037916999998117
gap_e,e10200,200,,shift,,,,391204.0,128,SI,SI,1.6,7.214666000002978
gap_e,e10200,200,,swap,,,,391204.0,128,SI,SI,1.69,7.0968749999948955
gap_e,e10200,200,,shift_swap,,,,391204.0,128,SI,SI,1.68,7.072625000006383
gap_e,e10200,200,,ils,50,2,1,385855.0,126,SI,SI,7.0,12.33195899999373
gap_e,e10200,200,,ils,50,2,2,380078.0,124,SI,SI,6.94,12.295665999999983
gap_e,e10200,200,,ils,50,2,3,385447.0,126,SI,SI,6.68,12.049584000003222
gap_e,e10200,200,,ils,50,4,1,355075.0,114,SI,SI,8.59,13.870083999997007
gap_e,e10200,200,,ils,50,4,2,345016.0,110,SI,SI,9.34,14.661124999996389
gap_e,e10200,200,,ils,50,4,3,358961.0,115,SI,SI,9.41,16.24962500000038
gap_e,e10200,200,,ils,50,10,1,145119.0,34,SI,SI,34.23,41.298167000000774
gap_e,e10200,200,,ils,50,10,2,150135.0,32,SI,SI,26.56,33.530708000000686
gap_e,e10200,200,,ils,50,10,3,222843.0,64,SI,SI,25.96,34.03533400000214
gap_e,e10200,200,,ils,100,2,1,370665.0,120,SI,SI,13.95,65.62129099999936
gap_e,e10200,200,,ils,100,2,2,359911.0,117,SI,SI,13.5,20.24745800000005
gap_e,e10200,200,,ils,100,2,3,374979.0,122,SI,SI,12.35,18.264332999997634
gap_e,e10200,200,,ils,100,4,1,308294.0,96,SI,SI,17.76,23.33145899999778
gap_e,e10200,200,,ils,100,4,2,299277.0,92,SI,SI,20.52,26.04554200000564
gap_e,e10200,200,,ils,100,4,3,327506.0,103,SI,SI,16.64,22.06708300000315
gap_e,e10200,200,,ils,100,10,1,31748.0,0,SI,SI,129.48,134.95458300000251
gap_e,e10200,200,,ils,100,10,2,32458.0,0,SI,SI,141.18,147.16150000000283
gap_e,e10200,200,,ils,100,10,3,57244.0,2,SI,SI,70.57,76.18083399999875
gap_e,e10200,200,,ils,300,2,1,337562.0,107,SI,SI,40.53,46.056708999998364
gap_e,e10200,200,,ils,300,2,2,313164.0,98,SI,SI,45.38,50.874790999998254
gap_e,e10200,200,,ils,300,2,3,328794.0,104,SI,SI,39.9,46.700000000001296
gap_e,e10200,200,,ils,300,4,1,155492.0,37,SI,SI,92.21,97.83645900000693
gap_e,e10200,200,,ils,300,4,2,159139.0,36,SI,SI,100.62,106.19420799999801
gap_e,e10200,200,,ils,300,4,3,142882.0,34,SI,SI,95.58,101.1808330000008
gap_e,e10200,200,,ils,300,10,1,24662.0,0,SI,SI,565.3,570.966833
gap_e,e10200,200,,ils,300,10,2,24255.0,0,SI,SI,617.91,623.7688340000034
gap_e,e10200,200,,ils,300,10,3,24583.0,0,SI,SI,561.29,567.9168330000052
gap_e,e10400,400,,greedy,,,,928235.0,306,SI,SI,0.12,7.7946250000024975
gap_e,e10400,400,,regret,,,,821112.0,271,SI,SI,5.56,11.943500000000995
gap_e,e10400,400,,shift,,,,821112.0,271,SI,SI,5.68,11.787834000003272
gap_e,e10400,400,,swap,,,,820048.0,271,SI,SI,7.43,13.372042000000306
gap_e,e10400,400,,shift_swap,,,,818038.0,270,SI,SI,7.99,13.903417000001639
gap_e,e10400,400,,ils,50,4,1,780945.0,256,SI,SI,27.17,33.129041999998776
gap_e,e10400,400,,ils,50,4,2,779038.0,255,SI,SI,29.54,35.719332999995856
gap_e,e10400,400,,ils,50,4,3,793545.0,261,SI,SI,26.97,35.24033299999729
gap_e,e10400,400,,ils,50,8,1,702580.0,226,SI,SI,38.25,45.11474999999621
gap_e,e10400,400,,ils,50,8,2,704206.0,226,SI,SI,34.89,41.60808400000349
gap_e,e10400,400,,ils,50,8,3,691152.0,219,SI,SI,37.93,44.29550000000404
gap_e,e10400,400,,ils,50,20,1,263193.0,54,SI,SI,198.92,205.1514999999995
gap_e,e10400,400,,ils,50,20,2,229391.0,40,SI,SI,207.64,214.46441700000207
gap_e,e10400,400,,ils,50,20,3,224141.0,36,SI,SI,205.31,212.55929099999804
gap_e,e10400,400,,ils,100,4,1,747795.0,244,SI,SI,51.61,58.284290999999655
gap_e,e10400,400,,ils,100,4,2,727898.0,234,SI,SI,58.03,64.27104099999781
gap_e,e10400,400,,ils,100,4,3,764831.0,250,SI,SI,47.85,56.04275000000314
gap_e,e10400,400,,ils,100,8,1,527361.0,159,SI,SI,105.76,112.3464169999977
gap_e,e10400,400,,ils,100,8,2,524023.0,156,SI,SI,104.78,110.9863329999996
gap_e,e10400,400,,ils,100,8,3,517050.0,155,SI,SI,109.28,116.24258300000179
gap_e,e10400,400,,ils,100,20,1,62400.0,0,SI,SI,846.74,853.1642919999954
gap_e,e10400,400,,ils,100,20,2,59968.0,0,SI,SI,1022.51,1031.1288750000003
gap_e,e10400,400,,ils,100,20,3,62306.0,0,SI,SI,971.2,980.2408749999997
gap_e,e10400,400,,ils,300,4,1,580797.0,181,SI,SI,220.83,232.7189169999997
gap_e,e10400,400,,ils,300,4,2,611174.0,189,SI,SI,202.69,209.85166700000235
gap_e,e10400,400,,ils,300,4,3,653065.0,208,SI,SI,178.77,185.25866699999938
gap_e,e10400,400,,ils,300,8,1,112357.0,0,SI,SI,746.67,753.6380419999987
gap_e,e10400,400,,ils,300,8,2,80250.0,0,SI,SI,917.82,925.2910000000014
gap_e,e10400,400,,ils,300,8,3,69642.0,0,SI,SI,1077.14,1086.3315830000033
gap_e,e10400,400,,ils,300,20,1,50141.0,0,SI,SI,4282.15,4290.280291999999
gap_e,e10400,400,,ils,300,20,2,48555.0,0,SI,SI,4530.13,4540.705334000002
gap_e,e10400,400,,ils,300,20,3,49832.0,0,SI,SI,4401.22,4409.850749999997
gap_e,e15900,900,,greedy,,,,2127579.0,703,SI,SI,0.32,12.203958999997155
gap_e,e15900,900,,regret,,,,1987821.0,658,SI,SI,38.56,47.67145799999639
gap_e,e15900,900,,shift,,,,1987821.0,658,SI,SI,38.91,47.85570899999669
gap_e,e15900,900,,swap,,,,1984577.0,658,SI,SI,65.66,74.75050000000039
gap_e,e15900,900,,shift_swap,,,,1978882.0,656,SI,SI,69.44,78.73416600000382
gap_e,e15900,900,,ils,200,18,1,169597.0,0,SI,SI,9676.63,9687.618874999998
gap_e,e15900,900,,ils,200,18,2,154817.0,0,SI,SI,10798.4,10810.159291999995
gap_e,e20100,100,,greedy,,,,172719.0,54,SI,SI,0.05,8.832583000000227
gap_e,e20100,100,,regret,,,,122301.0,37,SI,SI,0.98,6.994082999995044
gap_e,e20100,100,,shift,,,,122301.0,37,SI,SI,1.05,10.423959000007699
gap_e,e20100,100,,swap,,,,122301.0,37,SI,SI,1.07,7.161542000005738
gap_e,e20100,100,,shift_swap,,,,122301.0,37,SI,SI,1.08,6.781249999988859
gap_e,e20100,100,,ils,50,1,1,119441.0,36,SI,SI,4.92,10.571541999993883
gap_e,e20100,100,,ils,50,1,2,122301.0,37,SI,SI,4.51,10.11512499999867
gap_e,e20100,100,,ils,50,1,3,120286.0,36,SI,SI,4.58,10.172334000003502
gap_e,e20100,100,,ils,50,2,1,106502.0,31,SI,SI,5.43,10.934124999991468
gap_e,e20100,100,,ils,50,2,2,109488.0,31,SI,SI,5.15,10.762083000003031
gap_e,e20100,100,,ils,50,2,3,94107.0,27,SI,SI,6.2,11.778832999993938
gap_e,e20100,100,,ils,50,5,1,14237.0,0,SI,SI,19.47,25.08212499999729
gap_e,e20100,100,,ils,50,5,2,18664.0,0,SI,SI,14.77,20.519124999992755
gap_e,e20100,100,,ils,50,5,3,19518.0,0,SI,SI,13.52,19.952583000005575
gap_e,e20100,100,,ils,100,1,1,119429.0,36,SI,SI,8.15,14.174625000009655
gap_e,e20100,100,,ils,100,1,2,122301.0,37,SI,SI,7.48,13.125208000005273
gap_e,e20100,100,,ils,100,1,3,120285.0,36,SI,SI,8.11,13.792417000004775
gap_e,e20100,100,,ils,100,2,1,86537.0,23,SI,SI,10.49,16.392916000000923
gap_e,e20100,100,,ils,100,2,2,94202.0,25,SI,SI,10.49,16.263834000000088
gap_e,e20100,100,,ils,100,2,3,85420.0,23,SI,SI,11.41,17.0699170000006
gap_e,e20100,100,,ils,100,5,1,9723.0,0,SI,SI,51.47,57.12225000000615
gap_e,e20100,100,,ils,100,5,2,9962.0,0,SI,SI,43.58,49.36754199999882
gap_e,e20100,100,,ils,100,5,3,9366.0,0,SI,SI,45.93,51.642958999991606
gap_e,e20100,100,,ils,300,1,1,119414.0,36,SI,SI,22.52,28.242334000012193
gap_e,e20100,100,,ils,300,1,2,111846.0,33,SI,SI,21.91,27.63254200000631
gap_e,e20100,100,,ils,300,1,3,118270.0,35,SI,SI,22.38,28.088874999994573
gap_e,e20100,100,,ils,300,2,1,12050.0,0,SI,SI,47.17,52.96012499999847
gap_e,e20100,100,,ils,300,2,2,10314.0,0,SI,SI,57.62,63.74704200000281
gap_e,e20100,100,,ils,300,2,3,21685.0,1,SI,SI,40.06,45.72170799998787
gap_e,e20100,100,,ils,300,5,1,8881.0,0,SI,SI,154.74,160.44454200000757
gap_e,e20100,100,,ils,300,5,2,8991.0,0,SI,SI,138.78,144.797166999993
gap_e,e20100,100,,ils,300,5,3,8853.0,0,SI,SI,143.98,149.60583399999905
gap_e,e201600,1600,,greedy,,,,3910434.0,1295,SI,SI,0.64,14.704417000004355
gap_e,e201600,1600,,regret,,,,3704386.0,1229,SI,SI,125.0,138.51212500000543
gap_e,e201600,1600,,shift,,,,3704386.0,1229,SI,SI,125.31,139.46675000001107
gap_e,e201600,1600,,swap,,,,3701076.0,1229,SI,SI,168.0,181.82408399999872
gap_e,e201600,1600,,shift_swap,,,,3697056.0,1227,SI,SI,174.26,188.89945800000874
gap_e,e201600,1600,,ils,200,32,1,260121.0,0,SI,SI,82164.01,82180.16070799998
gap_e,e201600,1600,,ils,200,32,2,263191.0,0,SI,SI,79153.84,79175.4315
gap_e,e20200,200,,greedy,,,,398741.0,127,SI,SI,0.1,9.997792000007166
gap_e,e20200,200,,regret,,,,360162.0,115,SI,SI,3.04,11.597166999990804
gap_e,e20200,200,,shift,,,,360162.0,115,SI,SI,3.15,9.948458999986087
gap_e,e20200,200,,swap,,,,356893.0,115,SI,SI,4.71,11.835375000003978
gap_e,e20200,200,,shift_swap,,,,349077.0,112,SI,SI,5.0,11.415957999986404
gap_e,e20200,200,,ils,50,2,1,338435.0,108,SI,SI,14.3,20.544541999981902
gap_e,e20200,200,,ils,50,2,2,336117.0,107,SI,SI,13.82,20.053042000000687
gap_e,e20200,200,,ils,50,2,3,341111.0,109,SI,SI,14.16,21.51962500002469
gap_e,e20200,200,,ils,50,4,1,312797.0,98,SI,SI,16.32,22.856125000004113
gap_e,e20200,200,,ils,50,4,2,295789.0,91,SI,SI,16.95,23.242874999994
gap_e,e20200,200,,ils,50,4,3,305546.0,95,SI,SI,17.85,24.12916700001233
gap_e,e20200,200,,ils,50,10,1,60164.0,0,SI,SI,47.73,54.009790999998586
gap_e,e20200,200,,ils,50,10,2,110510.0,19,SI,SI,42.27,48.627417000005835
gap_e,e20200,200,,ils,50,10,3,126048.0,23,SI,SI,35.49,41.88800000000015
gap_e,e20200,200,,ils,100,2,1,310167.0,97,SI,SI,23.76,30.630416000008154
gap_e,e20200,200,,ils,100,2,2,331233.0,105,SI,SI,22.26,28.731125000007296
gap_e,e20200,200,,ils,100,2,3,332885.0,106,SI,SI,22.68,29.358083999994733
gap_e,e20200,200,,ils,100,4,1,267660.0,81,SI,SI,31.15,37.4124580000057
gap_e,e20200,200,,ils,100,4,2,247736.0,73,SI,SI,31.15,37.365542000003416
gap_e,e20200,200,,ils,100,4,3,255495.0,76,SI,SI,35.32,41.51254100000301
gap_e,e20200,200,,ils,100,10,1,29234.0,0,SI,SI,195.15,201.4371669999946
gap_e,e20200,200,,ils,100,10,2,28212.0,0,SI,SI,187.15,194.79387500001621
gap_e,e20200,200,,ils,100,10,3,30456.0,0,SI,SI,169.45,176.8662089999964
gap_e,e20200,200,,ils,300,2,1,295489.0,91,SI,SI,67.22,74.50179200000662
gap_e,e20200,200,,ils,300,2,2,301049.0,93,SI,SI,62.72,70.15749999999343
gap_e,e20200,200,,ils,300,2,3,323151.0,102,SI,SI,58.58,67.30754200000888
gap_e,e20200,200,,ils,300,4,1,115989.0,18,SI,SI,123.47,129.74920900001052
gap_e,e20200,200,,ils,300,4,2,94933.0,10,SI,SI,134.72,141.0682080000072
gap_e,e20200,200,,ils,300,4,3,101549.0,15,SI,SI,122.35,128.6751250000009
gap_e,e20200,200,,ils,300,10,1,23294.0,0,SI,SI,832.11,838.7082499999963
gap_e,e20200,200,,ils,300,10,2,23564.0,0,SI,SI,759.29,766.9475419999969
gap_e,e20200,200,,ils,300,10,3,23547.0,0,SI,SI,746.86,754.4924589999766
gap_e,e20400,400,,greedy,,,,867558.0,281,SI,SI,0.17,9.229583000006869
gap_e,e20400,400,,regret,,,,858712.0,282,SI,SI,10.1,17.858832999991137
gap_e,e20400,400,,shift,,,,858712.0,282,SI,SI,10.35,17.918750000006867
gap_e,e20400,400,,swap,,,,856517.0,282,SI,SI,15.24,22.570292000011705
gap_e,e20400,400,,shift_swap,,,,851139.0,280,SI,SI,15.79,23.156167000024652
gap_e,e20400,400,,ils,50,4,1,759615.0,246,SI,SI,41.56,48.90037500001654
gap_e,e20400,400,,ils,50,4,2,836967.0,274,SI,SI,32.88,40.24579199997902
gap_e,e20400,400,,ils,50,4,3,816605.0,266,SI,SI,35.16,42.53179199997703
gap_e,e20400,400,,ils,50,8,1,751850.0,241,SI,SI,46.31,53.55562500000133
gap_e,e20400,400,,ils,50,8,2,732377.0,235,SI,SI,47.56,54.859749999991436
gap_e,e20400,400,,ils,50,8,3,729495.0,232,SI,SI,46.96,54.23441700000353
gap_e,e20400,400,,ils,50,20,1,234643.0,40,SI,SI,213.55,220.88466699997866
gap_e,e20400,400,,ils,50,20,2,154373.0,5,SI,SI,267.18,275.47887500000456
gap_e,e20400,400,,ils,50,20,3,179884.0,17,SI,SI,253.29,261.7995829999984
gap_e,e20400,400,,ils,100,4,1,730729.0,235,SI,SI,71.89,80.30666700000211
gap_e,e20400,400,,ils,100,4,2,778722.0,251,SI,SI,57.76,65.48195799999235
gap_e,e20400,400,,ils,100,4,3,787188.0,255,SI,SI,57.26,64.66374999999402
gap_e,e20400,400,,ils,100,8,1,615875.0,188,SI,SI,99.87,107.14287500002229
gap_e,e20400,400,,ils,100,8,2,650127.0,203,SI,SI,94.19,101.49116700000604
gap_e,e20400,400,,ils,100,8,3,552153.0,162,SI,SI,120.72,128.24920799999973
gap_e,e20400,400,,ils,100,20,1,54066.0,0,SI,SI,1315.45,1324.1615830000057
gap_e,e20400,400,,ils,100,20,2,53541.0,0,SI,SI,1324.28,1333.0172500000117
gap_e,e20400,400,,ils,100,20,3,54958.0,0,SI,SI,1347.28,1356.0050829999852
gap_e,e20400,400,,ils,300,4,1,563883.0,170,SI,SI,269.4,278.59745800000724
gap_e,e20400,400,,ils,300,4,2,613900.0,186,SI,SI,207.36,215.88495800000373
gap_e,e20400,400,,ils,300,4,3,655900.0,206,SI,SI,188.14,195.73395800000526
gap_e,e20400,400,,ils,300,8,1,90901.0,0,SI,SI,873.84,881.5043749999916
gap_e,e20400,400,,ils,300,8,2,78802.0,0,SI,SI,1022.68,1032.7549999999803
gap_e,e20400,400,,ils,300,8,3,77230.0,0,SI,SI,1120.57,1129.4666670000026
gap_e,e20400,400,,ils,300,20,1,47524.0,0,SI,SI,5663.57,5672.4447500000115
gap_e,e20400,400,,ils,300,20,2,47537.0,0,SI,SI,5741.23,5751.968500000032
gap_e,e20400,400,,ils,300,20,3,47843.0,0,SI,SI,5704.62,5713.514125000018
gap_e,e30900,900,,greedy,,,,2115717.0,696,SI,SI,0.5,15.826583000034589
gap_e,e30900,900,,regret,,,,2051209.0,676,SI,SI,63.06,75.71812499998032
gap_e,e30900,900,,shift,,,,2051209.0,676,SI,SI,63.73,76.1602919999973
gap_e,e30900,900,,swap,,,,2048926.0,676,SI,SI,73.74,86.97916600004874
gap_e,e30900,900,,shift_swap,,,,2046416.0,675,SI,SI,75.91,88.57570800000758
gap_e,e30900,900,,ils,200,18,1,175049.0,0,SI,SI,9449.61,9462.733749999985
gap_e,e30900,900,,ils,200,18,2,159437.0,0,SI,SI,11804.56,11819.740459000002
gap_e,e401600,1600,,greedy,,,,3906607.0,1292,SI,SI,1.06,26.487458000019615
gap_e,e401600,1600,,regret,,,,3826944.0,1268,SI,SI,212.11,234.30374999998094
gap_e,e401600,1600,,shift,,,,3826944.0,1268,SI,SI,213.57,235.88554200000544
gap_e,e401600,1600,,swap,,,,3826925.0,1268,SI,SI,225.01,247.27579199998218
gap_e,e401600,1600,,shift_swap,,,,3826925.0,1268,SI,SI,223.91,247.9103339999824
gap_e,e401600,1600,,ils,200,32,1,251935.0,0,SI,SI,90935.49,90959.52775000001
gap_e,e401600,1600,,ils,200,32,2,236332.0,0,SI,SI,102326.19,102379.37708299996
gap_e,e40400,400,,greedy,,,,830795.0,266,SI,SI,0.3,54.11812500000224
gap_e,e40400,400,,regret,,,,810542.0,260,SI,SI,25.1,44.928832999971746
gap_e,e40400,400,,shift,,,,810542.0,260,SI,SI,22.52,45.9325830000239
gap_e,e40400,400,,swap,,,,810539.0,260,SI,SI,29.84,47.47874999998203
gap_e,e40400,400,,shift_swap,,,,810539.0,260,SI,SI,23.53,36.93445799996198
gap_e,e40400,400,,ils,50,4,1,804044.0,257,SI,SI,67.98,82.50987500002793
gap_e,e40400,400,,ils,50,4,2,769345.0,244,SI,SI,51.4,62.30783299997711
gap_e,e40400,400,,ils,50,4,3,774237.0,246,SI,SI,49.25,59.00870799996483
gap_e,e40400,400,,ils,50,8,1,691160.0,213,SI,SI,65.6,75.27900000002319
gap_e,e40400,400,,ils,50,8,2,655536.0,202,SI,SI,87.93,97.6975419999917
gap_e,e40400,400,,ils,50,8,3,652586.0,199,SI,SI,77.38,88.64037500001132
gap_e,e40400,400,,ils,50,20,1,100767.0,0,SI,SI,517.93,528.5362910000231
gap_e,e40400,400,,ils,50,20,2,86539.0,0,SI,SI,650.59,661.2594590000072
gap_e,e40400,400,,ils,50,20,3,116674.0,0,SI,SI,431.13,442.0836670000199
gap_e,e40400,400,,ils,100,4,1,749058.0,237,SI,SI,78.14,88.91812500002061
gap_e,e40400,400,,ils,100,4,2,753099.0,237,SI,SI,81.64,91.62204200003998
gap_e,e40400,400,,ils,100,4,3,731584.0,230,SI,SI,84.01,94.75962499999468
gap_e,e40400,400,,ils,100,8,1,553991.0,159,SI,SI,144.87,155.18258299999843
gap_e,e40400,400,,ils,100,8,2,501825.0,141,SI,SI,182.37,192.35812499999838
gap_e,e40400,400,,ils,100,8,3,480836.0,131,SI,SI,170.76,180.91029199996456
gap_e,e40400,400,,ils,100,20,1,52909.0,0,SI,SI,2093.32,2103.730917000007
gap_e,e40400,400,,ils,100,20,2,53066.0,0,SI,SI,2328.44,2356.94429199998
gap_e,e40400,400,,ils,100,20,3,54203.0,0,SI,SI,1783.24,1800.3562920000036
gap_e,e40400,400,,ils,300,4,1,618593.0,188,SI,SI,283.19,297.60791699999345
gap_e,e40400,400,,ils,300,4,2,604687.0,180,SI,SI,333.78,346.07554199999413
gap_e,e40400,400,,ils,300,4,3,599590.0,178,SI,SI,290.56,302.59908300001825
gap_e,e40400,400,,ils,300,8,1,79993.0,0,SI,SI,1218.18,1229.8838750000414
gap_e,e40400,400,,ils,300,8,2,67451.0,0,SI,SI,1557.69,1568.954165999969
gap_e,e40400,400,,ils,300,8,3,77941.0,0,SI,SI,1291.52,1306.807000000049
gap_e,e40400,400,,ils,300,20,1,47199.0,0,SI,SI,7764.09,7775.24249999999
gap_e,e40400,400,,ils,300,20,2,47133.0,0,SI,SI,7876.63,7916.945292000037
gap_e,e40400,400,,ils,300,20,3,47004.0,0,SI,SI,7439.27,7500.152500000013
gap_e,e60900,900,,greedy,,,,2013658.0,657,SI,SI,0.88,24.937832999967213
gap_e,e60900,900,,regret,,,,2014226.0,658,SI,SI,129.17,149.33787500001472
gap_e,e60900,900,,shift,,,,2013658.0,657,SI,SI,130.46,151.0254590000386
gap_e,e60900,900,,swap,,,,2006573.0,657,SI,SI,160.69,181.39479199999187
gap_e,e60900,900,,shift_swap,,,,1996483.0,653,SI,SI,165.64,186.0825420000083
gap_e,e60900,900,,ils,200,18,1,165056.0,0,SI,SI,13815.36,13853.243292000003
gap_e,e60900,900,,ils,200,18,2,148895.0,0,SI,SI,14984.12,15041.487749999987
gap_e,e801600,1600,,greedy,,,,3761611.0,1234,SI,SI,1.96,45.778042000051755
gap_e,e801600,1600,,regret,,,,3773630.0,1241,SI,SI,448.9,489.541958000018
gap_e,e801600,1600,,shift,,,,3761611.0,1234,SI,SI,451.47,492.248625000002
gap_e,e801600,1600,,swap,,,,3749352.0,1234,SI,SI,622.03,662.8440419999606
gap_e,e801600,1600,,shift_swap,,,,3741988.0,1231,SI,SI,631.63,672.3267910000459
gap_e,e801600,1600,,ils,200,32,1,253214.0,0,SI,SI,101239.1,101298.89600000001
gap_e,e801600,1600,,ils,200,32,2,249977.0,0,SI,SI,103645.27,103744.91587499995
